time,volume,open,high,low,close,instrument,granularity,RSI,MACD,Signal_Line,Histogram,BollingerBands_middle,BollingerBands_std,ATR,ADX,OBV
2004-05-31 21:00:00+00:00,52,2.5995,2.6897,2.5995,2.6032,GBP_AUD,M,,0.0,0.0,0.0,,,,,-52
2004-06-30 21:00:00+00:00,52,2.5811,2.60755,2.5466,2.5891,GBP_AUD,M,,-0.0011247863247869638,-0.00022495726495739277,-0.0008998290598295711,,,,,-104
2004-07-31 21:00:00+00:00,54,2.5894,2.5976,2.5142,2.5596,GBP_AUD,M,,-0.004346487447342451,-0.0010492633014344045,-0.0032972241459080466,,,,,-158
2004-08-31 21:00:00+00:00,52,2.5488,2.59445,2.4895,2.4895,GBP_AUD,M,,-0.012413102430002265,-0.0033220311271479766,-0.00909107130285429,,,,,-210
2004-09-30 21:00:00+00:00,52,2.4773,2.4845,2.4372,2.4559,GBP_AUD,M,,-0.021271981947128538,-0.006912021291144089,-0.014359960655984449,,,,,-262
2004-10-31 22:00:00+00:00,54,2.45505,2.47515,2.3702,2.47515,GBP_AUD,M,,-0.026434671233229068,-0.010816551279561087,-0.015618119953667981,,,,,-208
2004-11-30 22:00:00+00:00,54,2.48675,2.55445,2.452,2.452,GBP_AUD,M,,-0.03202498709859869,-0.015058238443368607,-0.016966748655230082,,,,,-262
2004-12-31 22:00:00+00:00,1088052,2.4533,2.48305,2.42155,2.42735,GBP_AUD,M,,-0.03800628884954582,-0.01964784852460405,-0.01835844032494177,,,,,-1088314
2005-01-31 22:00:00+00:00,1035607,2.42735,2.45075,2.372,2.42595,GBP_AUD,M,,-0.042371054735904856,-0.024192489766864212,-0.018178564969040644,,,,,-2123921
2005-02-28 22:00:00+00:00,1162261,2.42595,2.45865,2.39685,2.44615,GBP_AUD,M,,-0.04369648607438137,-0.02809328902836765,-0.01560319704601372,,,,,-961660
2005-03-31 22:00:00+00:00,1130782,2.44615,2.49845,2.42645,2.4431,GBP_AUD,M,,-0.04448026862077281,-0.031370684946848686,-0.013109583673924126,,,,,-2092442
2005-04-30 21:00:00+00:00,1105650,2.4427,2.45075,2.38795,2.40435,GBP_AUD,M,,-0.04767861370845017,-0.034632270699168986,-0.013046343009281182,,,,,-3198092
2005-05-31 21:00:00+00:00,1307898,2.40435,2.42495,2.33635,2.34975,GBP_AUD,M,,-0.053996649162231236,-0.03850514639178144,-0.015491502770449798,,,,,-4505990
2005-06-30 21:00:00+00:00,1302969,2.34955,2.37985,2.26655,2.3231,GBP_AUD,M,10.988857938718652,-0.06045725643613675,-0.0428955684006525,-0.017561688035484253,,,,,-5808959
2005-07-31 21:00:00+00:00,1336771,2.3228,2.39805,2.29835,2.38855,GBP_AUD,M,24.714336199787923,-0.05960893157738978,-0.04623824103599995,-0.013370690541389826,,,0.08160357142857144,,-4472188
2005-08-31 21:00:00+00:00,1345583,2.38855,2.41175,2.30995,2.3154,GBP_AUD,M,21.695966907962728,-0.06410031316580822,-0.0498106554619616,-0.014289657703846617,,,0.08452142857142861,,-5817771
2005-09-30 21:00:00+00:00,1203355,2.3154,2.37415,2.29585,2.36545,GBP_AUD,M,30.74099791687331,-0.06289612138276457,-0.0524277486461222,-0.010468372736642369,,,0.08415714285714292,,-4614416
2005-10-31 22:00:00+00:00,1386630,2.36575,2.39945,2.32305,2.34395,GBP_AUD,M,34.021297617740686,-0.0629510010811467,-0.05453239913312711,-0.008418601948019598,,,0.0821178571428572,,-6001046
2005-11-30 22:00:00+00:00,1259549,2.34325,2.399,2.30115,2.3511,GBP_AUD,M,37.78554778554779,-0.06170623729975189,-0.05596716676645207,-0.00573907053329982,,,0.08572857142857147,,-4741497
2005-12-31 22:00:00+00:00,812933,2.35115,2.38425,2.33055,2.34715,GBP_AUD,M,34.529852550157116,-0.06034288975250801,-0.05684231136366326,-0.0035005783888447523,2.42779,0.08498806820279026,0.08206785714285718,,-5554430
2006-01-31 22:00:00+00:00,347178,2.34715,2.37445,2.33635,2.36205,GBP_AUD,M,38.907386854112715,-0.05739846771688972,-0.05695354263430855,-0.00044492508258116986,2.4157325,0.07535246176085476,0.07747142857142861,,-5207252
2006-02-28 22:00:00+00:00,439046,2.36175,2.48485,2.33585,2.4248,GBP_AUD,M,49.71254649983088,-0.04943177275773669,-0.05544918865899419,0.006017415901257497,2.4075175,0.06347734008248453,0.08372142857142857,,-4768206
2006-03-31 22:00:00+00:00,371366,2.4246,2.4444,2.36705,2.4032,GBP_AUD,M,47.54716981132077,-0.04434981206030697,-0.05322931333925675,0.008879501278949778,2.3996975,0.05242768823266084,0.08362142857142854,,-5139572
2006-04-30 21:00:00+00:00,694522,2.4032,2.51355,2.38275,2.48615,GBP_AUD,M,53.79867046533714,-0.0332457139405502,-0.04923259345951544,0.015986879518965234,2.39953,0.05213018723400735,0.08854999999999998,,-4445050
2006-05-31 21:00:00+00:00,613422,2.48625,2.51735,2.4556,2.4879,GBP_AUD,M,54.265041888804255,-0.024027452291845997,-0.044191565225981555,0.02016411293413556,2.40113,0.054393329699417195,0.0878178571428571,,-3831628
2006-06-30 21:00:00+00:00,576768,2.4872,2.4896,2.42445,2.43715,GBP_AUD,M,53.05286671630677,-0.020579783452640665,-0.039469208871313374,0.01888942541867271,2.39923,0.0522948784852733,0.08798571428571421,,-4408396
2006-07-31 21:00:00+00:00,638792,2.43695,2.51505,2.43665,2.49435,GBP_AUD,M,63.39384957391629,-0.013081127997962572,-0.034191592696643215,0.021110464698680644,2.4013475,0.05531431592320976,0.08725714285714277,,-3769604
2006-08-31 21:00:00+00:00,575839,2.49465,2.53765,2.44935,2.5096,GBP_AUD,M,67.64761544284632,-0.005840516140332319,-0.02852137738538104,0.02268086124504872,2.40546,0.06019180657653825,0.08547142857142852,,-3193765
2006-09-30 21:00:00+00:00,545121,2.5092,2.54215,2.45985,2.46565,GBP_AUD,M,57.60505030578026,-0.003607096409820265,-0.023538521190268887,0.019931424780448622,2.407445,0.06154254390684824,0.08422857142857139,,-3738886
2006-10-31 22:00:00+00:00,590961,2.46565,2.5002,2.4552,2.49195,GBP_AUD,M,69.18813172481256,0.00028184607317127686,-0.018774447737580857,0.019056293810752134,2.409735,0.063866779726487,0.08017142857142853,,-3147925
2006-11-30 22:00:00+00:00,617684,2.49205,2.521,2.4766,2.4831,GBP_AUD,M,64.04440730571804,0.002619543504880806,-0.014495649489088526,0.017115192993969332,2.411735,0.06557018959220667,0.07774999999999996,,-3765609
2006-12-31 22:00:00+00:00,714961,2.4837,2.5482,2.45745,2.52915,GBP_AUD,M,70.88407758231847,0.008094724757588878,-0.009977574639753045,0.018072299397341923,2.417975,0.07057751897177011,0.07877499999999994,,-3050648
2007-01-31 22:00:00+00:00,622190,2.52915,2.5499,2.4665,2.49285,GBP_AUD,M,64.99841286636331,0.009396422607914623,-0.0061027751902195115,0.015499197798134134,2.4251300000000002,0.07055056865002689,0.07774285714285709,,-3672838
2007-02-28 22:00:00+00:00,710594,2.49275,2.5021,2.4193,2.43397,GBP_AUD,M,58.22969591264124,0.005612209554946013,-0.003759778241186407,0.009371987796132419,2.4306735,0.06634189311319179,0.07982142857142852,,-4383432
2007-03-31 21:00:00+00:00,693679,2.43168,2.44678,2.37791,2.40875,GBP_AUD,M,54.341762737076984,0.0005715616125350209,-0.0028935102704421216,0.0034650718829771425,2.4316835,0.06581854540085395,0.08201928571428566,,-5077111
2007-04-30 21:00:00+00:00,833589,2.40881,2.43399,2.37326,2.39131,GBP_AUD,M,46.59993096306523,-0.004775402577245735,-0.0032698887318028443,-0.001505513845442891,2.435479,0.0607538554895257,0.07571428571428569,,-5910700
2007-05-31 21:00:00+00:00,681475,2.39131,2.39488,2.32927,2.36499,GBP_AUD,M,46.15755918022567,-0.011009800132461667,-0.004817871011934609,-0.006191929120527058,2.435456,0.06078184280471354,0.07487571428571425,,-6592175
2007-06-30 21:00:00+00:00,678683,2.36463,2.39288,2.31062,2.38522,GBP_AUD,M,38.3852332619853,-0.014155042659967698,-0.0066853053415412275,-0.007469737318426471,2.4375194999999996,0.05815558211655919,0.07140857142857139,,-5913492
2007-07-31 21:00:00+00:00,988510,2.3851,2.56532,2.35096,2.46417,GBP_AUD,M,47.68121323457566,-0.010159947287956328,-0.007380233730824248,-0.0027797135571320797,2.4431730000000003,0.05470593195007651,0.08230928571428565,,-4924982
2007-08-31 21:00:00+00:00,764509,2.46503,2.48192,2.2886,2.3033,GBP_AUD,M,39.23706598478636,-0.019747038409167583,-0.009853594666492917,-0.009893443742674667,2.4409805,0.059431490542960264,0.09146428571428568,,-5689491
2007-09-30 21:00:00+00:00,1060192,2.3033,2.32034,2.2188,2.22648,GBP_AUD,M,29.11931153828168,-0.03316134582995511,-0.014515144899185357,-0.018646200930769755,2.434202,0.07468228096761896,0.09311714285714283,51.705094780210125,-6749683
2007-10-31 21:00:00+00:00,1372554,2.22641,2.38911,2.2262,2.32493,GBP_AUD,M,37.257634930930294,-0.03543966251769515,-0.018700048422887316,-0.01673961409480783,2.4292085,0.07858106449795418,0.09844642857142853,46.01209711537128,-5377129
2007-11-30 22:00:00+00:00,939855,2.32493,2.36868,2.25726,2.26827,GBP_AUD,M,36.61540130740228,-0.04134068371159216,-0.023228175480628284,-0.01811250823096388,2.4224620000000003,0.08634055695174135,0.10052642857142853,40.63462301349051,-6316984
2007-12-31 22:00:00+00:00,1364902,2.26827,2.28098,2.16971,2.21904,GBP_AUD,M,32.05177108132638,-0.049420051499270645,-0.02846655068435676,-0.020953500814913886,2.4091065,0.09608003923675759,0.10525999999999998,36.421465984213874,-7681886
2008-01-31 22:00:00+00:00,1224916,2.21906,2.2258,2.09526,2.13688,GBP_AUD,M,29.232947047673917,-0.06174092311070778,-0.03512142516962696,-0.026619497941080816,2.3915555,0.11171726636916969,0.1114128571428571,32.35088076709072,-8906802
2008-02-29 22:00:00+00:00,1265124,2.13743,2.21379,2.10668,2.17245,GBP_AUD,M,28.331915927590813,-0.06785293450872043,-0.04166772703744566,-0.02618520747127477,2.3783205,0.12129981596180774,0.11258142857142854,28.563541110942925,-7641678
2008-03-31 21:00:00+00:00,1447900,2.17245,2.19079,2.08338,2.10577,GBP_AUD,M,27.32342878567748,-0.07718749689167925,-0.04877168100829238,-0.028415815883386875,2.3588915,0.13235328939403448,0.11429642857142852,23.880075029239453,-9089578
2008-04-30 21:00:00+00:00,1210613,2.10551,2.13651,2.03247,2.07381,GBP_AUD,M,28.213317847464182,-0.08617078654338028,-0.056251502115309965,-0.02991928442807032,2.337102,0.14177321299210666,0.11581357142857136,21.26688721265541,-10300191
2008-05-31 21:00:00+00:00,1227800,2.07422,2.09366,2.02995,2.07859,GBP_AUD,M,29.521659306306773,-0.09184566263467486,-0.06337033421918295,-0.028475328415491913,2.317749,0.1495090787913985,0.11544499999999992,19.91072024094192,-9072391
2008-06-30 21:00:00+00:00,1444792,2.07855,2.10906,2.03966,2.10581,GBP_AUD,M,32.50398333129061,-0.09307372039697492,-0.06931101145474135,-0.023762708942233576,2.298442,0.1507565612642133,0.11606428571428563,19.90440208134408,-7627599
2008-07-31 21:00:00+00:00,1526191,2.10583,2.20493,2.10561,2.11924,GBP_AUD,M,34.69819802991245,-0.09190386570479392,-0.07382958230475187,-0.01807428340004205,2.280249,0.14924694290794835,0.11847214285714279,20.32326120710463,-6101408
2008-08-31 21:00:00+00:00,2089257,2.1192,2.31501,2.09757,2.24701,GBP_AUD,M,42.41063093734557,-0.079747496749897,-0.0750131651937809,-0.004734331556116106,2.266142,0.1373415496068871,0.12812785714285707,19.005469659434333,-4012151
2008-09-30 21:00:00+00:00,2867600,2.24701,2.70969,2.22312,2.40783,GBP_AUD,M,47.16148404909212,-0.056485526808026876,-0.07130763751663009,0.014822110708603217,2.261891,0.13113048458852367,0.14757142857142852,19.861246189852547,-1144551
2008-10-31 21:00:00+00:00,2975810,2.4079,2.43436,2.2192,2.35167,GBP_AUD,M,52.72442576967702,-0.042096626975416385,-0.06546543540838735,0.02336880843297097,2.257776,0.12666144220342915,0.14913142857142853,21.805948096936323,-4120361
2008-11-30 22:00:00+00:00,2644174,2.35167,2.37725,2.0491,2.08026,GBP_AUD,M,43.24494132865195,-0.051994478935902144,-0.06277124411389032,0.010776765177988173,2.2413515,0.12735007603473442,0.1653178571428571,22.996285792769328,-6764535
2008-12-31 22:00:00+00:00,2673108,2.08026,2.28782,2.02368,2.28782,GBP_AUD,M,48.442601623286684,-0.04259918370339477,-0.05873683203179121,0.01613764832839644,2.236177,0.12296320720999608,0.17254857142857136,24.142954644366093,-4091427
2009-01-31 22:00:00+00:00,2243605,2.28782,2.28782,2.1711,2.24039,GBP_AUD,M,48.82082254817372,-0.03853632637076476,-0.054696730899585926,0.016160404528821164,2.229947,0.11919196339474719,0.1729271428571428,25.15779269400389,-6335032
2009-02-28 22:00:00+00:00,2676557,2.24313,2.25743,2.05284,2.07228,GBP_AUD,M,44.35998339815228,-0.04832449995493526,-0.0534222847106558,0.005097784755720536,2.2143,0.1182727367258897,0.17959285714285705,25.05081494259857,-9011589
2009-03-31 21:00:00+00:00,2470129,2.07209,2.0973,2.00711,2.03819,GBP_AUD,M,46.06182012625799,-0.058162020569827444,-0.05437023188249013,-0.0037917886873373163,2.1930009999999998,0.10889085118884707,0.17671071428571422,24.28596656416335,-11481718
2009-04-30 21:00:00+00:00,2931234,2.03819,2.06121,1.96925,2.01409,GBP_AUD,M,43.62233391326761,-0.06712917181431699,-0.0569220198688555,-0.010207151945461491,2.1785404999999995,0.11261211659941431,0.17562857142857138,22.851723870021488,-14412952
2009-05-31 21:00:00+00:00,2155766,2.01409,2.08858,1.98793,2.04091,GBP_AUD,M,47.30123329394336,-0.07125022567465145,-0.05978766103001469,-0.011462564644636755,2.1692620000000002,0.11604682242866271,0.17514571428571424,21.55605069342855,-12257186
2009-06-30 21:00:00+00:00,1349345,2.04096,2.09801,1.98287,1.99961,GBP_AUD,M,46.93641618497111,-0.0769615900874534,-0.06322244684150244,-0.013739143245950963,2.152996,0.11587835152253016,0.17593857142857136,20.691483258155042,-13606531
2009-07-31 21:00:00+00:00,1134645,1.99961,2.02727,1.92453,1.92987,GBP_AUD,M,44.172231104423325,-0.08612255548110159,-0.06780246856942228,-0.018320086911679315,2.136076,0.1226675960901104,0.17872642857142854,19.659861731343046,-14741176
2009-08-31 21:00:00+00:00,1153783,1.93038,1.95844,1.80725,1.81061,GBP_AUD,M,39.21052631578947,-0.1018321146301866,-0.07460839778157514,-0.027223716848611454,2.1156545,0.14078796713217617,0.1845685714285714,17.99838933318716,-15894959
2009-09-30 21:00:00+00:00,1183688,1.81073,1.84725,1.7332,1.828,GBP_AUD,M,39.38598792967724,-0.11159245738653345,-0.0820052097025668,-0.029587247683966644,2.1002105,0.15460101941772647,0.18562071428571425,18.190294419445895,-14711271
2009-10-31 21:00:00+00:00,1143206,1.82928,1.8361,1.76987,1.79513,GBP_AUD,M,32.30780072980126,-0.120589848920577,-0.08972213754616885,-0.03086771137440815,2.0813444999999997,0.16778198195324243,0.17481999999999998,18.991464043704656,-15854477
2009-11-30 22:00:00+00:00,928206,1.79488,1.83115,1.77044,1.80181,GBP_AUD,M,23.015887151355386,-0.12573196651653062,-0.09692410334024121,-0.028807863176289417,2.0661465,0.17885431052219214,0.14440142857142854,23.465153176493494,-14926271
2009-12-31 22:00:00+00:00,1000888,1.80037,1.81765,1.72578,1.81235,GBP_AUD,M,24.968903740833568,-0.12748705048468167,-0.1030366927691293,-0.024450357715552373,2.0530735,0.18760601088100712,0.13559499999999997,27.408494555227225,-13925383
2010-01-31 22:00:00+00:00,862589,1.8125,1.82834,1.68854,1.69134,GBP_AUD,M,29.02039054914229,-0.13706249176474694,-0.10984185256825284,-0.027220639196494104,2.033711,0.20409314129892647,0.12214142857142854,32.16079323679783,-14787972
2010-02-28 22:00:00+00:00,495026,1.69142,1.6934,1.62476,1.65566,GBP_AUD,M,8.13620831236257,-0.1458489202119233,-0.11704326609698693,-0.02880565411493638,2.0112034999999997,0.21993046004482147,0.10817714285714285,37.53509697586448,-15282998
2010-03-31 21:00:00+00:00,396553,1.65558,1.67428,1.63488,1.6521,GBP_AUD,M,8.638121352738509,-0.15135476677068627,-0.1239055662317268,-0.027449200538959467,1.9878465000000003,0.23231004546499484,0.1026542857142857,42.78283685103336,-15679551
2010-04-30 21:00:00+00:00,1014023,1.65224,1.7778,1.62208,1.71874,GBP_AUD,M,21.00610156147485,-0.14862761217403997,-0.12884997542018944,-0.019777636753850525,1.961433,0.23132232197338545,0.09916357142857145,45.7818328301065,-14665528
2010-05-31 21:00:00+00:00,826853,1.71889,1.78942,1.67493,1.77764,GBP_AUD,M,29.467761509243644,-0.14009861512909993,-0.13109970336197155,-0.008998911767128387,1.9299235,0.20917669811543188,0.10089928571428572,48.07375287238011,-13838675
2010-06-30 21:00:00+00:00,594409,1.77722,1.81436,1.70556,1.73514,GBP_AUD,M,28.637289589364215,-0.13521010046278992,-0.13192178278213523,-0.0032883176806546843,1.899097,0.18812201656595934,0.10210214285714285,50.013942281010756,-14433084
2010-07-31 21:00:00+00:00,514615,1.73514,1.76088,1.71602,1.72329,GBP_AUD,M,25.10502884374219,-0.13078451090413923,-0.13169432840653605,0.0009098175023968258,1.8812484999999999,0.18695969997147005,0.09811714285714286,52.073233791922085,-14947699
2010-08-31 21:00:00+00:00,439823,1.7234,1.72429,1.62034,1.62511,GBP_AUD,M,23.049798503166386,-0.13365876967267032,-0.13208721665976292,-0.0015715530129074007,1.8481129999999997,0.16897087544432687,0.09731785714285715,54.45686026473641,-15387522
2010-09-30 21:00:00+00:00,508140,1.62518,1.65737,1.57676,1.62838,GBP_AUD,M,26.00862604045645,-0.134126650250036,-0.13249510337781756,-0.0016315468722184479,1.8175124999999999,0.14834978451991954,0.09573714285714287,57.20562839628205,-14879382
2010-10-31 21:00:00+00:00,574389,1.62854,1.64255,1.58358,1.62318,GBP_AUD,M,31.777082077507927,-0.13337952933201747,-0.13267198856865756,-0.0007075407633599096,1.7950575,0.14159237523610294,0.08915000000000002,59.9880289178872,-15453771
2010-11-30 22:00:00+00:00,438860,1.6233,1.63256,1.51514,1.52566,GBP_AUD,M,24.567631224764483,-0.13905355676853248,-0.13394830220863255,-0.0051052545598999355,1.7694309999999998,0.14165318362298737,0.08939071428571431,62.42169295164502,-15892631
2010-12-31 22:00:00+00:00,455587,1.52614,1.62086,1.51398,1.60542,GBP_AUD,M,35.2087199239034,-0.13555174285960803,-0.13426899033882764,-0.0012827525207803891,1.7489974999999998,0.13375899135051372,0.09229428571428573,63.73850146167193,-15437044
2011-01-31 22:00:00+00:00,313081,1.60553,1.62587,1.57615,1.5961,GBP_AUD,M,34.026990511391006,-0.13200688304082564,-0.13381656887922724,0.0018096858384016035,1.7267569999999999,0.11881206491545931,0.09150928571428572,59.89131847097319,-15750125
2011-02-28 22:00:00+00:00,396442,1.5962,1.64936,1.54844,1.55188,GBP_AUD,M,30.78024232227979,-0.1312527406410291,-0.13330380323158764,0.002051062590558539,1.7043705000000002,0.10620732616593599,0.0921557142857143,55.84991890506458,-16146567
2011-03-31 21:00:00+00:00,309135,1.55198,1.58004,1.51918,1.52236,GBP_AUD,M,35.58486316795195,-0.13152100240026532,-0.13294724306532318,0.0014262406650578652,1.6839950000000001,0.09955017357039889,0.08651714285714285,51.84361629776635,-16455702
2011-04-30 21:00:00+00:00,494661,1.52236,1.55279,1.50428,1.5412,GBP_AUD,M,39.946950534007875,-0.1287294581671854,-0.13210368608569564,0.0033742279185102475,1.6705245000000002,0.09974295133914962,0.08507928571428569,47.23012974292447,-15961041
2011-05-31 21:00:00+00:00,505343,1.54126,1.55544,1.4888,1.49724,GBP_AUD,M,37.299895026899364,-0.12858212911657096,-0.1313993746918707,0.0028172455752997483,1.6539864999999998,0.0996793138163414,0.08702499999999999,42.94046623515112,-16466384
2011-06-30 21:00:00+00:00,418103,1.49714,1.52092,1.47608,1.48913,GBP_AUD,M,29.169917445341568,-0.12764832853142782,-0.13064916545978214,0.003000836928354317,1.6386865,0.10035665987787808,0.07910499999999998,44.24704671550215,-16884487
2011-07-31 21:00:00+00:00,745206,1.48918,1.63888,1.47945,1.51772,GBP_AUD,M,25.047999385607824,-0.12318135281906262,-0.12915560293163825,0.00597425011257563,1.624482,0.09606631095787266,0.08231499999999999,43.01044446835509,-16139281
2011-08-31 21:00:00+00:00,658780,1.51781,1.61353,1.4989,1.61302,GBP_AUD,M,39.355693466285466,-0.11067553022026888,-0.12545958838936438,0.014784058169095504,1.6145155,0.08528477234815003,0.08273142857142855,42.86660484924606,-15480501
2011-09-30 21:00:00+00:00,671363,1.61302,1.63586,1.49966,1.5278,GBP_AUD,M,34.89281463965007,-0.10641443809619644,-0.1216505583307308,0.015236120234534356,1.6063385000000001,0.08537122128650548,0.08925571428571429,41.872625094130015,-16151864
2011-10-31 21:00:00+00:00,646003,1.52772,1.60572,1.52134,1.52711,GBP_AUD,M,41.08312709273547,-0.10191831819162478,-0.1177041103029096,0.01578579211128482,1.599911,0.08629659771912726,0.08785785714285713,38.26556960440623,-16797867
2011-11-30 22:00:00+00:00,402694,1.52704,1.5679,1.51179,1.52295,GBP_AUD,M,40.42259406624154,-0.09756610666306731,-0.11367650957494115,0.016110402911873836,1.5934535,0.08701490206765891,0.08610785714285714,34.63865434557438,-17200561
2011-12-31 22:00:00+00:00,308574,1.52156,1.52226,1.46868,1.48374,GBP_AUD,M,38.070223469422665,-0.09617225311034461,-0.11017565828202185,0.014003405171677238,1.5817035000000002,0.08505087191453865,0.08572285714285713,32.28565586850156,-17509135
2012-01-31 22:00:00+00:00,285622,1.48368,1.48923,1.45566,1.48286,GBP_AUD,M,45.61277625158883,-0.09405442194384861,-0.10695141101438721,0.0128969890705386,1.5669644999999999,0.07415259107338727,0.07973357142857142,29.711061548356984,-17794757
2012-02-29 22:00:00+00:00,289575,1.48279,1.54784,1.47205,1.5475,GBP_AUD,M,43.872974230948245,-0.08616684001062414,-0.1027944968136346,0.016627656803010468,1.5575825,0.06274801652350351,0.07751285714285715,28.5804338400831,-17505182
2012-03-31 21:00:00+00:00,256078,1.54751,1.5729,1.52604,1.55664,GBP_AUD,M,45.824161869285454,-0.07827603547592554,-0.09789080454609281,0.019614769070167265,1.54925,0.04918400446018158,0.07730857142857142,27.86238739718929,-17249104
2012-04-30 21:00:00+00:00,339605,1.55654,1.61854,1.55632,1.58276,GBP_AUD,M,53.3980368854263,-0.06911809989488327,-0.09213626361585091,0.02301816372096764,1.5471325,0.04658933917756642,0.07454428571428573,28.637673565833268,-16909499
2012-05-31 21:00:00+00:00,387380,1.58284,1.59522,1.52848,1.53384,GBP_AUD,M,51.21153277892695,-0.0650578586288828,-0.08672058261845729,0.021662723989574487,1.5424054999999999,0.04253135542721423,0.07496428571428573,29.535051947599758,-17296879
2012-06-30 21:00:00+00:00,290622,1.53333,1.53449,1.48696,1.49268,GBP_AUD,M,45.10985688369281,-0.06441877662698636,-0.08226022142016311,0.017841444793176744,1.5358805,0.03938073312985,0.07489428571428573,30.28401941551356,-17587501
2012-07-31 21:00:00+00:00,229188,1.49274,1.53994,1.47104,1.53677,GBP_AUD,M,53.98303206174557,-0.05966680324513596,-0.07774153778515769,0.01807473454002173,1.536436,0.03930726575399248,0.07505571428571432,30.70786637123307,-17358313
2012-08-31 21:00:00+00:00,228569,1.53674,1.5642,1.52798,1.55784,GBP_AUD,M,56.74699031795596,-0.053582985886191814,-0.07290982740536452,0.019326841519172702,1.534057,0.03623193402456265,0.07444000000000005,28.603398046632243,-17129744
2012-09-30 21:00:00+00:00,233013,1.55774,1.58983,1.54508,1.5545,GBP_AUD,M,53.80005785841221,-0.04847226874301702,-0.06802231567289502,0.019550046929877996,1.531977,0.033579726198724735,0.06624857142857148,28.371294914349253,-17362757
2012-10-31 21:00:00+00:00,180926,1.55464,1.55996,1.51828,1.53566,GBP_AUD,M,40.50750957102189,-0.04541866108106496,-0.06350158475452901,0.01808292367346405,1.531166,0.033268163127788,0.06103785714285719,26.581715053180773,-17543683
2012-11-30 22:00:00+00:00,620841,1.53566,1.56766,1.52682,1.56424,GBP_AUD,M,55.19325048455138,-0.04022875580653196,-0.058847018964929595,0.018618263158397638,1.53326,0.03399480610486891,0.05422642857142861,24.93096427386439,-16922842
2012-12-31 22:00:00+00:00,1415651,1.5612,1.56228,1.4965,1.52116,GBP_AUD,M,49.24344531190399,-0.0391407245423645,-0.05490576008041658,0.01576503553805208,1.5322580000000001,0.03404376155854409,0.05289785714285717,24.854046187647246,-18338493
2013-01-31 22:00:00+00:00,2892286,1.52116,1.53554,1.463,1.48446,GBP_AUD,M,45.47995396575614,-0.04076986557992757,-0.05207858118031878,0.011308715600391213,1.531619,0.034846126704673575,0.05407142857142858,25.261176616634057,-21230779
2013-02-28 22:00:00+00:00,3635758,1.48444,1.48598,1.43818,1.45872,GBP_AUD,M,46.965801600776125,-0.0436349776112952,-0.05038986046651407,0.006754882855218872,1.5300985,0.037369780258670646,0.053658571428571444,24.954310568838643,-24866537
2013-03-31 21:00:00+00:00,2575086,1.45794,1.50754,1.44107,1.49766,GBP_AUD,M,51.643129940492045,-0.042276134016369094,-0.048767115176485076,0.006490981160115983,1.5290955,0.03798366539160398,0.05600857142857144,24.575079263826122,-22291451
2013-04-30 21:00:00+00:00,3104439,1.49766,1.58897,1.4962,1.58796,GBP_AUD,M,54.249821436074114,-0.03352631485776447,-0.04571895511274096,0.012192640254976489,1.5278425,0.035394562008015225,0.05722142857142858,23.356457253997828,-19187012
2013-05-31 21:00:00+00:00,3453429,1.58042,1.6877,1.56716,1.66447,GBP_AUD,M,59.92197132814369,-0.02018561534765828,-0.040612287159724425,0.020426671812066144,1.534676,0.04675572741727106,0.06248428571428572,22.793155643995828,-15733583
2013-06-30 21:00:00+00:00,3340966,1.66844,1.69608,1.61428,1.693,GBP_AUD,M,60.09893733968488,-0.007227567408428115,-0.03393534320946517,0.026707775801037052,1.5429705,0.05856581223629592,0.06388285714285714,20.448862710778577,-12392617
2013-07-31 21:00:00+00:00,2805227,1.69298,1.7484,1.68035,1.74186,GBP_AUD,M,69.05852603804009,0.0069047786112927945,-0.025767318845313577,0.032672097456606375,1.553916,0.07324410027616864,0.06397642857142857,19.174638636180724,-9587390
2013-08-31 21:00:00+00:00,2167498,1.73658,1.74143,1.68745,1.73719,GBP_AUD,M,74.0068728522337,0.017525906933167912,-0.01710867368961728,0.0346345806227852,1.5665885,0.08187992146881358,0.06443714285714287,19.4052981204707,-11754888
2013-09-30 21:00:00+00:00,2121393,1.7372,1.74224,1.66456,1.69596,GBP_AUD,M,65.7181223957819,0.02235857548240694,-0.009215223855212437,0.031573799337619377,1.5772435,0.0842421484878223,0.06506428571428571,19.49159798588468,-13876281
2013-10-31 21:00:00+00:00,2147541,1.69596,1.80623,1.67616,1.79722,GBP_AUD,M,70.40471887892531,0.033967776477025424,-0.0005786237887648645,0.03454640026579029,1.5897295,0.09712309956009457,0.07176785714285713,19.354332343294637,-11728740
2013-11-30 22:00:00+00:00,2059033,1.79342,1.86494,1.78939,1.85568,GBP_AUD,M,73.4673523453327,0.047339682937458605,0.00900503755647983,0.03833464538097878,1.6046814999999999,0.11341320359757612,0.07396785714285713,20.623545315961156,-9669707
2013-12-31 22:00:00+00:00,2291089,1.8641,1.91866,1.80162,1.87792,GBP_AUD,M,76.52767012866221,0.059050895316003604,0.019014209108384583,0.04003668620761902,1.6194395,0.1285979648474142,0.07935071428571427,23.967488962621417,-7378618
2014-01-31 22:00:00+00:00,1823751,1.87321,1.8797,1.81196,1.87559,GBP_AUD,M,75.15553041932617,0.06736753298790066,0.028684873884287802,0.038682659103612856,1.6365269999999998,0.1389163788266804,0.08127214285714283,27.756656524943782,-9202369
2014-02-28 22:00:00+00:00,1695020,1.87902,1.88259,1.78752,1.79872,GBP_AUD,M,71.26440303996077,0.06698361625804328,0.0363446223590389,0.030638993899004374,1.651829,0.13909274293000123,0.0833642857142857,31.933747618757558,-10897389
2014-03-31 21:00:00+00:00,1501318,1.79864,1.82274,1.77369,1.8167,GBP_AUD,M,76.20519939424534,0.067353782737408,0.04254645443471272,0.024807328302695275,1.6658255,0.14097682984224857,0.08168642857142858,36.17796458826395,-9396071
2014-04-30 21:00:00+00:00,1491870,1.81616,1.83342,1.78312,1.79982,GBP_AUD,M,77.28538060346207,0.0655296820276523,0.04714309995330064,0.018386582074351662,1.6779245,0.1416037477750826,0.081865,41.370789396499106,-10887941
2014-05-31 21:00:00+00:00,1353140,1.80102,1.82084,1.78228,1.81329,GBP_AUD,M,76.32048566520456,0.06442829620630341,0.050600139203901204,0.013828157002402211,1.690864,0.1415557179644215,0.07987142857142857,46.8171240304328,-9534801
2014-06-30 21:00:00+00:00,1316933,1.81346,1.83737,1.79752,1.81653,GBP_AUD,M,72.29820693422823,0.06308962302768184,0.05309803596865733,0.00999158705902451,1.7049074999999998,0.13926152386881635,0.07609142857142856,51.64475761128527,-8217868
2014-07-31 21:00:00+00:00,536275,1.8165,1.81922,1.76989,1.77708,GBP_AUD,M,61.84196689591353,0.058174826400241075,0.05411339405497408,0.004061432345266992,1.7155494999999998,0.1360414312849374,0.071005,53.95064623641083,-8754143
2014-08-31 21:00:00+00:00,479403,1.77919,1.8677,1.72154,1.85344,GBP_AUD,M,65.32963883049875,0.05975263728871072,0.05524124270172141,0.004511394586989306,1.7321634999999997,0.13125791441902931,0.07560214285714284,57.06572650032804,-8274740
2014-09-30 21:00:00+00:00,791917,1.85265,1.86844,1.8081,1.81836,GBP_AUD,M,57.50706547338672,0.05750946761684261,0.055694887684745654,0.0018145799320969588,1.7488585,0.11873068021345175,0.07505142857142856,58.59295433611755,-9066657
2014-10-31 21:00:00+00:00,714964,1.82408,1.86529,1.78618,1.8397,GBP_AUD,M,59.74077804595297,0.05679895613470287,0.0559157013747371,0.0008832547599657709,1.7679075000000002,0.09858393564423548,0.07684642857142854,58.732012253820145,-8351693
2014-11-30 22:00:00+00:00,664702,1.84764,1.93086,1.84104,1.9085,GBP_AUD,M,69.19062409708178,0.061083325131491284,0.05694922612608794,0.004134099005403347,1.7884495,0.08044289229503684,0.07780928571428569,60.28998505266281,-7686991
2014-12-31 22:00:00+00:00,887340,1.90432,1.95007,1.83427,1.93964,GBP_AUD,M,64.72376147547763,0.06622802078274703,0.05880498505741976,0.007423035725327272,1.8060335000000003,0.07234009809483105,0.07678999999999998,61.13496371781014,-6799651
2015-01-31 22:00:00+00:00,705518,1.94646,2.00354,1.91942,1.9767,GBP_AUD,M,63.09060228452751,0.0724603832356372,0.061536064693063254,0.01092431854257394,1.8216449999999997,0.07385660256271308,0.07740214285714285,61.67795761489075,-6094133
2015-02-28 22:00:00+00:00,952695,1.97556,1.98565,1.88308,1.94791,GBP_AUD,M,57.464962989824876,0.07422089076156935,0.06407302990676447,0.010147860854804874,1.8343905,0.07246978168611258,0.07636857142857141,59.59547499924601,-7046828
2015-03-31 21:00:00+00:00,944184,1.94837,1.9655,1.90362,1.942,GBP_AUD,M,57.029447255329494,0.07428293066636993,0.06611501005868556,0.00816792060768437,1.8443975,0.0728374636018345,0.07594999999999998,56.718745895680506,-7991012
2015-04-30 21:00:00+00:00,784930,1.94228,2.00574,1.89809,2.00051,GBP_AUD,M,72.22307878681085,0.07815247269245185,0.06852250258543882,0.009629970107013025,1.8575635,0.07616167687195781,0.07684857142857139,55.01743793354098,-7206082
2015-05-31 21:00:00+00:00,699224,2.00261,2.06784,1.96055,2.0383,GBP_AUD,M,73.38440758093792,0.08330812558818623,0.0714796271859883,0.011828498402197934,1.8746805000000002,0.07639977159480205,0.08100857142857139,53.916673757656724,-6506858
2015-06-30 21:00:00+00:00,692110,2.03814,2.1529,2.02866,2.13885,GBP_AUD,M,80.40682344077922,0.09441915705249992,0.07606753315929063,0.018351623893209296,1.891762,0.094270445142523,0.08628999999999995,52.68282769753438,-5814748
2015-07-31 21:00:00+00:00,828124,2.1359,2.2401,2.08746,2.15707,GBP_AUD,M,80.5723534433694,0.10350182663790242,0.081554391855013,0.02194743478288942,1.9068314999999998,0.11083321924001947,0.09443857142857137,51.99013088431674,-4986624
2015-08-31 21:00:00+00:00,657316,2.1577,2.21102,2.13542,2.15606,GBP_AUD,M,80.31463723862075,0.10935780051093413,0.08711507358619723,0.022242726924736902,1.9207385000000001,0.12371591495608784,0.09699214285714282,51.33981440848776,-5643940
2015-09-30 21:00:00+00:00,620159,2.15628,2.17355,2.07904,2.16164,GBP_AUD,M,86.54540616565933,0.11314469969338425,0.09232099880763464,0.020823700885749613,1.935041,0.1343034349562716,0.10021928571428566,51.59968950557629,-5023781
2015-10-31 21:00:00+00:00,519952,2.17204,2.17241,2.07344,2.08327,GBP_AUD,M,71.75802328883844,0.10857050731845619,0.09557090050979895,0.012999606808657235,1.9492684999999998,0.1341740477014081,0.0968485714285714,51.061628086951195,-5543733
2015-11-30 22:00:00+00:00,2866548,2.08296,2.12186,2.01738,2.02082,GBP_AUD,M,68.22256624423966,0.09876770124330214,0.0962102606564996,0.002557440586802545,1.9594745,0.1312917177199036,0.1000014285714285,49.88036846605211,-8410281
2015-12-31 22:00:00+00:00,5336252,2.02232,2.09816,1.99976,2.01076,GBP_AUD,M,65.71549316478026,0.08915937510187621,0.09480008354557493,-0.005640708443698711,1.9700215,0.12616377131478404,0.10137928571428567,49.37654447133216,-13746533
2016-01-31 22:00:00+00:00,5220391,2.01183,2.06647,1.92642,1.94881,GBP_AUD,M,53.7505349932079,0.07567354265372894,0.09097477536720573,-0.01530123271347679,1.9767975,0.12082948572156349,0.1048714285714285,45.74668674227968,-18966924
2016-02-29 22:00:00+00:00,4387771,1.94867,1.9605,1.85918,1.87538,GBP_AUD,M,44.4572867789125,0.05838767913847143,0.08445735612145888,-0.026069676982987455,1.97974,0.11738873778133659,0.10383714285714278,42.1902560987559,-23354695
2016-03-31 21:00:00+00:00,4062890,1.87556,1.92471,1.83,1.92129,GBP_AUD,M,45.29250845326491,0.04784157320328708,0.07713419953782452,-0.02929262633453744,1.9869505,0.10836772196044066,0.10459357142857133,39.74027727518757,-19291805
2016-04-30 21:00:00+00:00,3773097,1.91991,2.05363,1.9025,2.00246,GBP_AUD,M,54.25566772245714,0.04550885119477166,0.07080912986921395,-0.02530027867444229,1.9944015,0.1037286041489271,0.10806214285714277,38.100132262824204,-15518708
2016-05-31 21:00:00+00:00,4934898,2.00179,2.00795,1.77562,1.78656,GBP_AUD,M,40.86614173228346,0.025939808581892265,0.06183526561174962,-0.03589545702985735,1.9928114999999997,0.10676825875034002,0.12023714285714279,37.05813155859972,-20453606
2016-06-30 21:00:00+00:00,4180225,1.78721,1.79372,1.70454,1.74091,GBP_AUD,M,34.5114791656723,0.006670731793090301,0.05080235884801776,-0.04413162705492746,1.9878719999999999,0.11610182044903332,0.11891785714285709,35.64208919584017,-24633831
2016-07-31 21:00:00+00:00,3369778,1.74276,1.7619,1.67211,1.74778,GBP_AUD,M,32.00267618198036,-0.007954108788370995,0.03905106532074001,-0.047005174109111,1.979836,0.1269408751058233,0.1176678571428571,34.06065991699016,-21264053
2016-08-31 21:00:00+00:00,3360531,1.74811,1.78028,1.68724,1.69444,GBP_AUD,M,20.759037254411666,-0.02357671484178514,0.02652550928823498,-0.05010222413002012,1.9675759999999998,0.14197752529334265,0.11543928571428567,32.806961757808395,-24624584
2016-09-30 21:00:00+00:00,3459212,1.68621,1.69265,1.53222,1.60881,GBP_AUD,M,16.865300004834864,-0.04237885103928285,0.012744637222731415,-0.05512348826201426,1.9491815000000003,0.16300748753468103,0.11599571428571427,32.97361057704784,-28083796
2016-10-31 21:00:00+00:00,5160828,1.60757,1.69797,1.5898,1.69363,GBP_AUD,M,24.62327000537792,-0.049860651751974405,0.0002235794277902492,-0.050084231179764654,1.9364675000000002,0.17273792369626176,0.11832214285714282,32.84889818415245,-22922968
2016-11-30 22:00:00+00:00,3491611,1.69349,1.71744,1.68104,1.71452,GBP_AUD,M,25.86891757696128,-0.053487810125143476,-0.010518698482796495,-0.04296911164234698,1.9250935000000002,0.17970328498520702,0.11417142857142852,32.90557017806067,-19431357
2016-12-31 22:00:00+00:00,4799528,1.70629,1.70858,1.60239,1.65857,GBP_AUD,M,26.510475431959463,-0.06018330104286673,-0.020451618994810544,-0.03973168204805619,1.9079965,0.18821503959357613,0.11468714285714281,33.65520146745469,-24230885
2017-01-31 22:00:00+00:00,3573434,1.65845,1.6743,1.6112,1.6168,GBP_AUD,M,27.131115991577417,-0.06807528622293058,-0.02997635244043455,-0.03809893378249603,1.8869214999999997,0.19628207528090774,0.11173142857142855,35.30240023345265,-27804319
2017-02-28 22:00:00+00:00,4023504,1.6168,1.65696,1.59048,1.64527,GBP_AUD,M,29.734405322983093,-0.07121156764636605,-0.038223395481620855,-0.03298817216474519,1.8622425,0.1939550715711218,0.10945142857142855,36.88379891047125,-23780815
2017-03-31 21:00:00+00:00,3343567,1.64366,1.73655,1.63834,1.72929,GBP_AUD,M,38.118897620748626,-0.06615479021291693,-0.04380967442788007,-0.022345115785036854,1.8408535000000001,0.18300936876435445,0.10646285714285715,38.97076998655831,-20437248
2017-04-30 21:00:00+00:00,4455644,1.73096,1.76516,1.7069,1.7347,GBP_AUD,M,41.78078990418321,-0.06100745985664857,-0.04724923151363377,-0.013758228343014801,1.8197855,0.1684905693901658,0.10338714285714287,40.60817183081654,-15981604
2017-05-31 21:00:00+00:00,4180257,1.7349,1.74929,1.66127,1.6941,GBP_AUD,M,36.64358193511975,-0.05951815590394083,-0.049703016391695186,-0.009815139512245642,1.7964085,0.1499815831948473,0.10290928571428573,41.29174501685507,-20161861
2017-06-30 21:00:00+00:00,4226090,1.69241,1.71238,1.62696,1.65112,GBP_AUD,M,28.37375353933274,-0.06110165672841261,-0.05198274445903868,-0.009118912269373933,1.774801,0.13705100425524006,0.09821571428571431,44.84808670968916,-24387951
2017-07-31 21:00:00+00:00,4216954,1.65108,1.6738,1.61626,1.62734,GBP_AUD,M,37.163404172982034,-0.06354295615808803,-0.054294786798848554,-0.009248169359239472,1.7551269999999999,0.12780631938499099,0.0857307142857143,47.8203401730064,-28604905
2017-08-31 21:00:00+00:00,4198553,1.6259,1.71825,1.61695,1.70995,GBP_AUD,M,47.64433758407646,-0.05814154737896682,-0.05506413891487221,-0.0030774084640946067,1.7400864999999999,0.11297951562236715,0.08659642857142857,48.564585483461265,-24406352
2017-09-30 21:00:00+00:00,3845466,1.70713,1.73616,1.66856,1.7352,GBP_AUD,M,49.06886546660352,-0.05123284765311453,-0.054297880662520684,0.003065033009406151,1.7294060000000002,0.10174787334646314,0.08501142857142856,47.82400847697354,-20560886
2017-10-31 21:00:00+00:00,3656839,1.73481,1.78902,1.68958,1.78804,GBP_AUD,M,56.93312790732128,-0.041021041911741385,-0.051642512912364824,0.01062147100062344,1.725039,0.09691235551559228,0.08546857142857142,45.7158590509353,-16904047
2017-11-30 22:00:00+00:00,3120383,1.78789,1.79983,1.72184,1.73002,GBP_AUD,M,59.36114672309663,-0.037181239215090534,-0.04875025817290997,0.011569018957819435,1.7154755000000002,0.08526405829293247,0.07957999999999998,41.9231393266776,-20024430
2017-12-31 22:00:00+00:00,4267575,1.73143,1.77191,1.70988,1.76182,GBP_AUD,M,55.73613284207338,-0.031212376826374344,-0.045242681903602845,0.014030305077228501,1.7034435,0.05381330399731044,0.07628428571428571,38.332948419330044,-15756855
2018-01-31 22:00:00+00:00,4874330,1.76154,1.79997,1.7576,1.77285,GBP_AUD,M,54.989478726498206,-0.02530033504801965,-0.041254212532486206,0.015953877484466555,1.702758,0.052776127737349736,0.07671071428571428,35.32237970237953,-10882525
2018-02-28 22:00:00+00:00,4573449,1.7731,1.85086,1.75996,1.82279,GBP_AUD,M,64.19311346193734,-0.01639625291343383,-0.03628262060867573,0.0198863676952419,1.706852,0.058731307315170816,0.07561857142857142,34.29248426057735,-6309076
2018-03-31 21:00:00+00:00,3636621,1.82373,1.84769,1.81672,1.82823,GBP_AUD,M,69.49777753186152,-0.008799308187892985,-0.030785958124519182,0.021986649936626197,1.7108745000000003,0.06418389300121274,0.07332357142857145,33.24447194830971,-2672455
2018-04-30 21:00:00+00:00,5239321,1.82782,1.82953,1.75186,1.75663,GBP_AUD,M,59.51274516503791,-0.008458689862322455,-0.026320504472079835,0.01786181460975738,1.713984,0.06484879720510633,0.07412285714285716,31.240210109513267,-7911776
2018-05-31 21:00:00+00:00,4734389,1.75732,1.79805,1.73926,1.7838,GBP_AUD,M,55.1573410032736,-0.0059280209193559585,-0.022242007761535062,0.016313986842179103,1.7227335,0.061637135104975246,0.07130714285714286,29.336692484701413,-3177387
2018-06-30 21:00:00+00:00,4893805,1.78055,1.79584,1.75683,1.7669,GBP_AUD,M,52.981702348322095,-0.0052258954407429226,-0.018838785297376637,0.013612889856633715,1.726397,0.061992713247534685,0.06993214285714287,27.659418970201834,-8071192
2018-07-31 21:00:00+00:00,4957852,1.76678,1.80548,1.72832,1.80262,GBP_AUD,M,60.140539732376446,-0.001766784077832373,-0.015424385053467785,0.013657600975635412,1.730802,0.06419527590424876,0.06915642857142858,26.232228366114633,-3113340
2018-08-31 21:00:00+00:00,4430592,1.7953,1.84002,1.77796,1.80448,GBP_AUD,M,65.52352417199772,0.0011118562672154386,-0.01211713678933114,0.013228993056546578,1.7380974999999999,0.06384443881111967,0.06748785714285714,24.22422549676335,1317252
2018-09-30 21:00:00+00:00,6402245,1.80509,1.87344,1.78624,1.80497,GBP_AUD,M,68.8699088533367,0.0033936188592929017,-0.009014985659606333,0.012408604518899235,1.7475060000000002,0.0586849686125343,0.06960642857142858,23.512219048516748,7719497
2018-10-31 21:00:00+00:00,6349462,1.80492,1.815,1.73916,1.74502,GBP_AUD,M,53.913975134483586,0.00036031469229613755,-0.007139925589225839,0.007500240281521977,1.7524935,0.05355325075151007,0.06778785714285715,22.394468698196484,1370035
2018-11-30 22:00:00+00:00,5992622,1.73002,1.81756,1.72098,1.80996,GBP_AUD,M,57.6645478777937,0.0031600870435974926,-0.005079923062661173,0.008240010106258666,1.7565270000000002,0.054738457769184866,0.06985785714285717,21.208329434897443,7362657
2018-12-31 22:00:00+00:00,5966222,1.80709,2.02495,1.76128,1.80236,GBP_AUD,M,51.61822537630519,0.004711360685858201,-0.0031216663129572985,0.007833026998815499,1.75991,0.05540521949572868,0.08158857142857145,22.455303991073396,1396435
2019-01-31 22:00:00+00:00,5465706,1.8015,1.87252,1.78686,1.8695,GBP_AUD,M,65.44355374462995,0.01122895273394442,-0.0002515425035769553,0.011480495237521374,1.7686799999999998,0.05824891352048725,0.0821364285714286,23.890390803814707,6862141
2019-02-28 22:00:00+00:00,6364762,1.86926,1.88635,1.82986,1.83662,GBP_AUD,M,58.26227190385719,0.013584457013966933,0.0025156573999318226,0.01106879961403511,1.777955,0.05308422309977453,0.0817407142857143,25.972871449514773,497379
2019-03-31 21:00:00+00:00,4853138,1.83134,1.86109,1.8098,1.84871,GBP_AUD,M,58.35978136295512,0.016239573392742734,0.005260440598494005,0.010979132794248728,1.7890235,0.041934735040251116,0.08237785714285716,27.300770722242515,5350517
2019-04-30 21:00:00+00:00,5030659,1.84912,1.88838,1.81706,1.82092,GBP_AUD,M,49.783349166994945,0.015917860317507415,0.007391924542296688,0.008525935775210727,1.794572,0.03808644552374094,0.08097928571428573,26.16069232706122,319858
2019-05-31 21:00:00+00:00,5503355,1.8222,1.84238,1.80566,1.80828,GBP_AUD,M,47.72659935729426,0.014476086707935432,0.008808756975424437,0.005667329732510995,1.798226,0.03550893874121853,0.08138999999999999,25.077057886153614,-5183497
2019-06-30 21:00:00+00:00,4666480,1.80688,1.81723,1.7561,1.77642,GBP_AUD,M,52.47976342630883,0.010639983888949711,0.009175002358129491,0.00146498153082022,1.797645,0.03577841579560786,0.0802085714285714,25.231866661335534,-9849977
2019-07-31 21:00:00+00:00,8277828,1.77665,1.83378,1.76402,1.80544,GBP_AUD,M,52.699062063460374,0.009828222604685077,0.00930564640744061,0.0005225761972444676,1.8014160000000001,0.03205670820676871,0.08099214285714285,27.05780904542871,-1572149
2019-08-31 21:00:00+00:00,6181865,1.80713,1.84984,1.77933,1.82158,GBP_AUD,M,56.83295011496551,0.010367746127216027,0.009518066351395694,0.0008496797758203323,1.804404,0.030937287228422268,0.08324214285714282,29.555271189857717,4609716
2019-09-30 21:00:00+00:00,7230640,1.8209,1.90942,1.80764,1.87726,GBP_AUD,M,58.88402209103028,0.015114008190427297,0.010637254719202016,0.004476753471225281,1.8096245,0.033991073514754694,0.08500071428571425,32.71854088229462,11840356
2019-10-31 21:00:00+00:00,4687855,1.8777,1.9153,1.85471,1.91161,GBP_AUD,M,61.835738117860224,0.02140052110957691,0.012789907997276995,0.008610613112299914,1.8140655000000003,0.04090150601719838,0.08489571428571425,34.340180423551146,16528211
2019-11-30 22:00:00+00:00,5045457,1.90706,1.95232,1.86461,1.88986,GBP_AUD,M,58.957854082687895,0.024346928426750125,0.015101312083171623,0.009245616343578502,1.8171469999999998,0.04421240063008232,0.08493214285714282,35.29133286507017,11482754
2019-12-31 22:00:00+00:00,5732705,1.88945,1.97558,1.8767,1.97437,GBP_AUD,M,73.00908926744115,0.03311944779574061,0.018704939225685422,0.014414508570055187,1.8280340000000002,0.05420536974760767,0.08657785714285711,39.176050531055765,17215459
2020-01-31 22:00:00+00:00,6182350,1.97104,1.9833,1.91646,1.96917,GBP_AUD,M,68.14772597743077,0.03920025986209219,0.022804003352966777,0.016396256509125413,1.8373024999999998,0.06158897798479586,0.08445357142857138,44.22908840761646,11033109
2020-02-29 22:00:00+00:00,14968851,1.97612,2.08587,1.92905,2.02355,GBP_AUD,M,72.78289351708798,0.047855707949836734,0.02781434427234077,0.020041363677495965,1.8501349999999999,0.07200475134177306,0.07682142857142851,46.88064505045539,26001960
2020-03-31 21:00:00+00:00,10074619,2.02355,2.05961,1.89923,1.93375,GBP_AUD,M,56.322698734476184,0.046928144965022955,0.031637104410877206,0.015291040554145749,1.8566915000000002,0.07340695480281227,0.08215857142857139,47.561045133649564,15927341
2020-04-30 21:00:00+00:00,8333614,1.93307,1.95357,1.84536,1.85165,GBP_AUD,M,51.34844162135975,0.039117340404670076,0.03313315160963578,0.005984188795034297,1.8590500000000003,0.07239190300754424,0.0858528571428571,46.545606365716004,7593727
2020-05-31 21:00:00+00:00,10438135,1.85252,1.85544,1.78692,1.79645,GBP_AUD,M,45.648046367542726,0.028148563721719366,0.0321362340320525,-0.003987670310333133,1.858624,0.07275107120933907,0.0870835714285714,45.46242636134182,-2844408
2020-06-30 21:00:00+00:00,7309808,1.79641,1.836,1.76953,1.83198,GBP_AUD,M,50.90930018416205,0.02206831345762139,0.03012264991716628,-0.008054336459544887,1.8629719999999999,0.06805090227949719,0.08673714285714283,43.98781798175561,4465400
2020-07-31 21:00:00+00:00,6369317,1.83473,1.84114,1.807,1.8125,GBP_AUD,M,50.3430894308943,0.015499133752614691,0.02719794668425596,-0.01169881293164127,1.8630989999999996,0.06794905552188958,0.08655285714285713,42.95121598700819,-1903917
2020-08-31 21:00:00+00:00,7369845,1.81342,1.82884,1.74931,1.8046,GBP_AUD,M,52.38393340552246,0.009545512801368616,0.023667459907678493,-0.014121947106309877,1.8632110000000002,0.0678454376467182,0.08786714285714285,41.48686012034286,-9273762
2020-09-30 21:00:00+00:00,7289776,1.80517,1.85272,1.78481,1.84273,GBP_AUD,M,53.10672331917021,0.007813923591117655,0.020496752644366328,-0.012682829053248672,1.8618725,0.06797877105740242,0.087735,39.70052644587016,-1983986
2020-10-31 21:00:00+00:00,7223222,1.83936,1.84704,1.7938,1.81424,GBP_AUD,M,49.400816326530624,0.004095511262959706,0.017216504368085004,-0.013120993105125298,1.8607535,0.06859771212044137,0.08650142857142858,37.46732526287771,-9207208
2020-11-30 22:00:00+00:00,6013834,1.81449,1.82488,1.74262,1.77695,GBP_AUD,M,41.557960647018234,-0.0018391480968560359,0.013405373875096797,-0.015244521971952833,1.8571655,0.07109214994602737,0.08510714285714285,34.628376745053224,-15221042
2020-12-31 22:00:00+00:00,6733440,1.77224,1.79708,1.74164,1.79353,GBP_AUD,M,39.75604677794357,-0.005145229953157804,0.009695253109445879,-0.014840483062603682,1.8557960000000002,0.07208401964667432,0.08473928571428571,32.092713054563795,-8487602
2021-01-31 22:00:00+00:00,6228185,1.79825,1.81123,1.76896,1.80787,GBP_AUD,M,42.79436837572285,-0.0065328983026460286,0.006449622827027498,-0.012982521129673526,1.8557755,0.07209830083953744,0.08149357142857142,29.963802696144306,-2259417
2021-02-28 22:00:00+00:00,7105592,1.80634,1.816,1.78094,1.81446,GBP_AUD,M,33.71621759230972,-0.007019955860761984,0.0037557070894696024,-0.010775662950231586,1.8576775,0.07037585477653104,0.076935,26.98752190721115,4846175
2021-03-31 21:00:00+00:00,4385788,1.81366,1.8265,1.77407,1.7916,GBP_AUD,M,32.54565828533234,-0.009145143909305542,0.0011755368897145735,-0.010320680799020116,1.8569855,0.07098196957679515,0.07590571428571428,23.447691976273337,460387
2021-04-30 21:00:00+00:00,4957858,1.78915,1.84396,1.78053,1.83767,GBP_AUD,M,31.42537373091369,-0.007030859401363276,-0.00046574236850099654,-0.006565117032862279,1.85779,0.07064997292062665,0.06923500000000002,22.662384351846818,5418245
2021-05-31 21:00:00+00:00,4293320,1.8372,1.95486,1.8195,1.84446,GBP_AUD,M,39.3027435006589,-0.004752592514498222,-0.0013231123977004416,-0.00342948011679778,1.8561500000000002,0.07055485764171864,0.06744785714285716,20.276341915478437,9711565
2021-06-30 21:00:00+00:00,3813209,1.84475,1.89722,1.82563,1.89312,GBP_AUD,M,55.40100544398427,0.0009682444198202411,-0.000864841034196305,0.001833085454016546,1.8552255,0.06990807727408167,0.06483214285714285,18.272688153900653,13524774
2021-07-31 21:00:00+00:00,2561175,1.89547,1.91545,1.87572,1.88032,GBP_AUD,M,62.27928903985242,0.004418264873547795,0.00019178014735251497,0.00422648472619528,1.8547485,0.06969153118338908,0.06277571428571428,18.68771949855762,10963599
2021-08-31 21:00:00+00:00,3302952,1.88004,1.89611,1.8534,1.86446,GBP_AUD,M,55.045985582898346,0.0058057365695047825,0.0013145714317829686,0.004491165137721814,1.8492529999999998,0.06385109339212233,0.061078571428571427,19.593693263871526,7660647
2021-09-30 21:00:00+00:00,5262633,1.8636,1.87718,1.8186,1.82071,GBP_AUD,M,51.186039120510834,0.0033365963134082133,0.0017189764081080175,0.0016176199053001957,1.8418299999999999,0.0574890734698533,0.06282428571428571,19.307932352780774,2398014
2021-10-31 21:00:00+00:00,5899626,1.82219,1.87874,1.81274,1.86602,GBP_AUD,M,58.00740508969547,0.0049785337616126135,0.0023708878788089366,0.002607645882803677,1.8339535000000002,0.03914688295383387,0.06185785714285714,20.491988839221673,8297640
2021-11-30 22:00:00+00:00,5618715,1.86594,1.8927,1.83874,1.86145,GBP_AUD,M,52.67459138187223,0.005843658158221743,0.003065441934691498,0.0027782162235302447,1.8303384999999999,0.03216114201217832,0.06086142857142857,21.409379371356078,2678925
2021-12-31 22:00:00+00:00,6708773,1.86277,1.92218,1.85879,1.90242,GBP_AUD,M,62.164772100209696,0.009723129885955917,0.004396979524944382,0.005326150361011535,1.8328769999999999,0.035736701626745984,0.061586428571428584,23.17918030112119,9387698
2022-01-31 22:00:00+00:00,7414773,1.90361,1.91794,1.84606,1.84779,GBP_AUD,M,59.32645215651168,0.0082938484203805,0.005176353304031606,0.0031174951163488946,1.835444,0.03481439998501989,0.060845,25.79968922195576,1972925
2022-02-28 22:00:00+00:00,8944180,1.84873,1.8501,1.73975,1.75637,GBP_AUD,M,45.91307025647792,-0.00021323931954775333,0.004098434779315735,-0.004311674098863488,1.8316635,0.03905708444061308,0.06476714285714288,25.42327194361696,-6971255
2022-03-31 21:00:00+00:00,6600591,1.75585,1.78886,1.71744,1.78063,GBP_AUD,M,47.06806733542857,-0.0049406358186987465,0.0022906206597128388,-0.007231256478411585,1.8300700000000003,0.04050344663698229,0.06684928571428574,23.954177717143654,-370664
2022-04-30 21:00:00+00:00,9550357,1.77977,1.78578,1.71792,1.7558,GBP_AUD,M,43.92476904594225,-0.01056887369331938,-0.00028127821089360514,-0.010287595482425775,1.8276300000000003,0.043479150841477285,0.06919214285714288,22.026882976593292,-9921021
2022-05-31 21:00:00+00:00,6610773,1.7564,1.78156,1.7276,1.7639,GBP_AUD,M,47.04072475535232,-0.014211864920519623,-0.003067395552818809,-0.011144469367700815,1.8236885,0.04556146170141644,0.0693014285714286,20.33070211085875,-3310248
2022-06-30 21:00:00+00:00,4723908,1.76481,1.78196,1.72089,1.74173,GBP_AUD,M,39.19886517157525,-0.01867264876040009,-0.006188446194335066,-0.012484202566065025,1.820063,0.049100394263624184,0.06913285714285715,16.833158064640024,-8034156
2022-07-31 21:00:00+00:00,4107839,1.74225,1.76534,1.68736,1.69846,GBP_AUD,M,34.81065334997919,-0.025406509047937176,-0.010032058765055488,-0.015374450282881688,1.8161385000000003,0.05545346577134636,0.06503428571428571,20.205669331736907,-12141995
2022-08-31 21:00:00+00:00,4233095,1.69732,1.74622,1.59396,1.74369,GBP_AUD,M,34.34205838590019,-0.026784701477797546,-0.013382587307603899,-0.013402114170193647,1.8136464999999997,0.05760121072147885,0.07079642857142858,25.239360206270977,-7908900
2022-09-30 21:00:00+00:00,5367761,1.74377,1.81996,1.72466,1.79273,GBP_AUD,M,41.4697804873298,-0.02364722031626032,-0.015435513909335183,-0.008211706406925137,1.8128895,0.057780328602581685,0.0747657142857143,27.05584636838529,-2541139
2022-10-31 21:00:00+00:00,5624966,1.7927,1.80696,1.74604,1.7764,GBP_AUD,M,41.431851794193186,-0.0222222738755542,-0.016792865902578988,-0.0054294079729752115,1.8109864999999998,0.058349829772459144,0.07606642857142856,29.149539552546372,-8166105
2022-11-30 22:00:00+00:00,4952232,1.7777,1.8276,1.7693,1.77404,GBP_AUD,M,45.061271138013495,-0.021040879668442036,-0.0176424686557516,-0.003398411012690436,1.8101084999999997,0.05878736878966268,0.07604642857142854,31.32433937492913,-13118337
2022-12-31 22:00:00+00:00,5411427,1.77069,1.79614,1.7317,1.74665,GBP_AUD,M,36.870009019512935,-0.022060461076904625,-0.018526067139982207,-0.0035343939369224184,1.8055575000000001,0.06005096641276111,0.07593499999999997,32.47861571935305,-18529764
2023-01-31 22:00:00+00:00,4559659,1.7464,1.80306,1.7223,1.78618,GBP_AUD,M,42.3120135640308,-0.019454486840493113,-0.01871175108008439,-0.0007427357604087234,1.8026434999999998,0.05947511989989238,0.0778492857142857,34.22998211724517,-13970105
2023-02-28 22:00:00+00:00,5380240,1.78506,1.85368,1.77145,1.84447,GBP_AUD,M,44.283318536056036,-0.012541151050250665,-0.017477631074117646,0.004936480023866981,1.8002110000000002,0.056500407907249084,0.07919499999999999,34.90823689198486,-8589865
2023-03-31 21:00:00+00:00,3015416,1.84438,1.9036,1.82486,1.89947,GBP_AUD,M,55.09443633926107,-0.00259433638780715,-0.014500972136855547,0.011906635749048397,1.8011685,0.05806991559863764,0.07968499999999999,33.16573492800686,-5574449
2023-04-30 21:00:00+00:00,3651797,1.89839,1.9184,1.85881,1.91334,GBP_AUD,M,68.26634393837134,0.006334755856418406,-0.010333826538200756,0.01666858239461916,1.8036125000000003,0.061783729579807524,0.07605928571428569,32.559011957122586,-1922652
2023-05-31 21:00:00+00:00,3463185,1.91322,1.92406,1.85006,1.91032,GBP_AUD,M,65.87664960948024,0.013017380767348374,-0.00566358507709093,0.018680965844439304,1.8080930000000002,0.06618157798218335,0.07624357142857142,32.50055773288026,-5385837
